NomeEstacao,CodEstacao,StatusEstacao,MunicipioUF,Latitude,Longitude,Altitude,Operadora,Responsavel,Origem,Bacia,SubBacia,CodRio
UHE TAQUARUÇU CENTENÁRIO DO SUL,02251081,Ativo,CENTENÁRIO DO SUL-PR,-22.83170,-51.60280,514.00,00131 - PARANAPANEMA - Rio Paranapanema Energia S.A,00131 - PARANAPANEMA - Rio Paranapanema Energia S.A,Setor Elétrico,6,64,0
PCH APUCARANINHA MONTANTE 2,02351080,Ativo,APUCARANA-PR,-23.51750,-51.53030,0.00,00028 - COPEL - Copel Geração e Transmissão S.A,00028 - COPEL - Copel Geração e Transmissão S.A,Setor Elétrico,6,64,0
BOM JARDIM MONTANTE,02450009,Ativo,TIBAGI-PR,-24.67780,-50.48440,750.00,00052 - IAT-PR - Instituto Água e Terra do Paraná,00052 - IAT-PR - Instituto Água e Terra do Paraná,RHN,6,64,0
UHE ITAIPU MANOEL RIBAS,02451057,Ativo,MANOEL RIBAS-PR,-24.51330,-51.66500,878.00,00090 - ITAIPU - Itaipu  Binacional,00090 - ITAIPU - Itaipu  Binacional,Setor Elétrico,6,64,0
UHE ITAIPU SANTA MARIA,02451059,Ativo,SANTA MARIA DO OESTE-PR,-24.93330,-51.88330,550.00,00090 - ITAIPU - Itaipu  Binacional,00090 - ITAIPU - Itaipu  Binacional,Setor Elétrico,6,64,0
UHE ITAIPU UBIRATÃ,02452062,Ativo,UBIRATÃ-PR,-24.55330,-52.98580,530.00,00090 - ITAIPU - Itaipu  Binacional,00090 - ITAIPU - Itaipu  Binacional,Setor Elétrico,6,64,0
CGH MARUMBI GUARATUBA,02548079,Ativo,GUARATUBA-PR,-25.84530,-48.58030,0.00,00028 - COPEL - Copel Geração e Transmissão S.A,00028 - COPEL - Copel Geração e Transmissão S.A,Setor Elétrico,8,82,0
CGH MARUMBI ANTONINA,02548098,Ativo,ANTONINA-PR,-25.24330,-48.75220,0.00,00028 - COPEL - Copel Geração e Transmissão S.A,00028 - COPEL - Copel Geração e Transmissão S.A,Setor Elétrico,8,82,0
ENTREMAR,02549113,Ativo,PIRAQUARA-PR,-25.48920,-49.04080,900.00,00052 - IAT-PR - Instituto Água e Terra do Paraná,00052 - IAT-PR - Instituto Água e Terra do Paraná,RHN,6,65,0
UHE SALTO SANTIAGO GUARAPUAVA,02551015,Ativo,GUARAPUAVA-PR,-25.36560,-51.49560,1051.00,00112 - ENGIE - Engie Brasil Energia S.A.,00112 - ENGIE - Engie Brasil Energia S.A.,Setor Elétrico,6,65,0
UHE SALTO SANTIAGO GOIOXIM,02551063,Ativo,GUARAPUAVA-PR,-25.24060,-51.92750,917.00,00112 - ENGIE - Engie Brasil Energia S.A.,00112 - ENGIE - Engie Brasil Energia S.A.,Setor Elétrico,6,65,0
UHE SALTO OSÓRIO PINHÃO,02551069,Ativo,PINHÃO-PR,-25.66170,-51.66220,1070.00,00112 - ENGIE - Engie Brasil Energia S.A.,00112 - ENGIE - Engie Brasil Energia S.A.,Setor Elétrico,6,65,0
UHE FUNDÃO GUARAPUAVA,02551070,Ativo,GUARAPUAVA-PR,-25.38470,-51.49390,0.00,00289 - ELEJOR - Centrais Elétricas do Rio Jordão S.A-ELEJOR,00289 - ELEJOR - Centrais Elétricas do Rio Jordão S.A-ELEJOR,Setor Elétrico,6,65,0
UHE FUNDÃO PINHÃO,02551071,Ativo,PINHÃO-PR,-25.64920,-51.96250,0.00,00289 - ELEJOR - Centrais Elétricas do Rio Jordão S.A-ELEJOR,00289 - ELEJOR - Centrais Elétricas do Rio Jordão S.A-ELEJOR,Setor Elétrico,6,65,0
UHE SANTA CLARA ENTRE RIOS,02551072,Ativo,GUARAPUAVA-PR,-25.54580,-51.48830,0.00,00289 - ELEJOR - Centrais Elétricas do Rio Jordão S.A-ELEJOR,00289 - ELEJOR - Centrais Elétricas do Rio Jordão S.A-ELEJOR,Setor Elétrico,6,65,0
UHE SALTO OSÓRIO LARANJEIRAS DO SUL,02552009,Ativo,LARANJEIRAS DO SUL-PR,-25.39780,-52.43500,810.00,00112 - ENGIE - Engie Brasil Energia S.A.,00112 - ENGIE - Engie Brasil Energia S.A.,Setor Elétrico,6,65,0
UHE SALTO SANTIAGO CHOPINZINHO PLU,02552030,Ativo,CHOPINZINHO-PR,-25.86000,-52.52690,738.00,00112 - ENGIE - Engie Brasil Energia S.A.,00112 - ENGIE - Engie Brasil Energia S.A.,Setor Elétrico,6,65,0
UHE SALTO SANTIAGO FOZ DO JORDÃO,02552055,Ativo,FOZ DO JORDÃO-PR,-25.77470,-52.11390,615.00,00112 - ENGIE - Engie Brasil Energia S.A.,00112 - ENGIE - Engie Brasil Energia S.A.,Setor Elétrico,6,65,0
NOVA SANTA ROSA,23453080,Ativo,NOVA SANTA ROSA-PR,-24.46810,-53.95060,0.00,00090 - ITAIPU - Itaipu  Binacional,00090 - ITAIPU - Itaipu  Binacional,RHN,6,64,0
CGH JAGUARICATU I MONTANTE,64230200,Ativo,SENGES-PR,-24.24110,-49.48500,760.00,00262 - SENGES - Senges Papel e Celulose Ltda.,00262 - SENGES - Senges Papel e Celulose Ltda.,Setor Elétrico,6,64,64130050
CGH JAGUARICATU I RIO LAJEADO,64230230,Ativo,SENGES-PR,-24.22280,-49.48580,777.00,00262 - SENGES - Senges Papel e Celulose Ltda.,00262 - SENGES - Senges Papel e Celulose Ltda.,Setor Elétrico,6,64,64211900
CGH JAGUARICATU I BARRAMENTO,64230250,Ativo,SENGES-PR,-24.20560,-49.48560,744.00,00262 - SENGES - Senges Papel e Celulose Ltda.,00262 - SENGES - Senges Papel e Celulose Ltda.,Setor Elétrico,6,64,64130050
CGH JAGUARICATU I JUSANTE,64230300,Ativo,SENGES-PR,-24.18220,-49.49080,729.00,00262 - SENGES - Senges Papel e Celulose Ltda.,00262 - SENGES - Senges Papel e Celulose Ltda.,Setor Elétrico,6,64,64130050
CGH JAGUARICATU II BARRAMENTO,64230350,Ativo,SENGES-PR,-24.16830,-49.49140,704.00,00262 - SENGES - Senges Papel e Celulose Ltda.,00262 - SENGES - Senges Papel e Celulose Ltda.,Setor Elétrico,6,64,64130050
CGH JAGUARICATU II JUSANTE,64230400,Ativo,SENGES-PR,-24.15030,-49.48530,664.00,00262 - SENGES - Senges Papel e Celulose Ltda.,00262 - SENGES - Senges Papel e Celulose Ltda.,Setor Elétrico,6,64,64130050
PCH CACHOEIRA DO POÇO PRETO I JAGUARICATU,64230450,Ativo,SENGES-PR,-24.10920,-49.46970,581.00,00252 - MARINGÁ - Maringá S.A. Cimento e Ferro-Liga,00252 - MARINGÁ - Maringá S.A. Cimento e Ferro-Liga,Setor Elétrico,6,64,64130050
SENGES,64230500,Ativo,SENGES-PR,-24.10000,-49.46670,590.00,00052 - IAT-PR - Instituto Água e Terra do Paraná,00052 - IAT-PR - Instituto Água e Terra do Paraná,RHN,6,64,64130050
SENGES,64230500,Ativo,SENGES-PR,-24.10000,-49.46670,590.00,00052 - IAT-PR - Instituto Água e Terra do Paraná,00052 - IAT-PR - Instituto Água e Terra do Paraná,RHN,6,64,64130050
COLÔNIA BARRO PRETO,64231000,Ativo,SENGES-PR,-24.03280,-49.46140,530.00,00052 - IAT-PR - Instituto Água e Terra do Paraná,00001 - ANA - Agência Nacional de Águas ,RHN,6,64,64130000
CGH NOVA JAGUARIAÍVA MONTANTE 2,64234000,Ativo,JAGUARIAIVA-PR,-24.37610,-49.62060,0.00,00744 - PARANÁ - Paraná Geração de Energia S.A,00744 - PARANÁ - Paraná Geração de Energia S.A,Setor Elétrico,6,64,64130100
JAGUARIAIVA,64240000,Ativo,JAGUARIAIVA-PR,-24.26420,-49.73170,890.00,00052 - IAT-PR - Instituto Água e Terra do Paraná,00052 - IAT-PR - Instituto Água e Terra do Paraná,RHN,6,64,0
CGH NOVA JAGUARIAÍVA MONTANTE 1,64240100,Ativo,JAGUARIAIVA-PR,-24.31670,-49.70470,915.00,00744 - PARANÁ - Paraná Geração de Energia S.A,00744 - PARANÁ - Paraná Geração de Energia S.A,Setor Elétrico,6,64,64130100
CGH NOVA JAGUARIAÍVA BARRAMENTO,64240150,Ativo,JAGUARIAIVA-PR,-24.28110,-49.69440,868.00,00744 - PARANÁ - Paraná Geração de Energia S.A,00744 - PARANÁ - Paraná Geração de Energia S.A,Setor Elétrico,6,64,64130100
CGH NOVA JAGUARIAÍVA JUSANTE,64240200,Ativo,JAGUARIAIVA-PR,-24.25750,-49.69420,829.00,00744 - PARANÁ - Paraná Geração de Energia S.A,00744 - PARANÁ - Paraná Geração de Energia S.A,Setor Elétrico,6,64,64130100
PCH PESQUEIRO MONTANTE 2,64241200,Ativo,JAGUARIAIVA-PR,-24.22360,-49.68860,787.00,00242 - PESQUEIRO - Pesqueiro Energia S.A.,00242 - PESQUEIRO - Pesqueiro Energia S.A.,Setor Elétrico,6,64,64130100
PCH PESQUEIRO MONTANTE 1,64241300,Ativo,JAGUARIAIVA-PR,-24.13640,-49.65110,716.00,00242 - PESQUEIRO - Pesqueiro Energia S.A.,00242 - PESQUEIRO - Pesqueiro Energia S.A.,Setor Elétrico,6,64,64130100
PCH PESQUEIRO BARRAMENTO,64241400,Ativo,JAGUARIAIVA-PR,-24.13330,-49.64440,704.00,00242 - PESQUEIRO - Pesqueiro Energia S.A.,00242 - PESQUEIRO - Pesqueiro Energia S.A.,Setor Elétrico,6,64,64130100
PCH PESQUEIRO JUSANTE,64241500,Ativo,JAGUARIAIVA-PR,-24.11890,-49.62610,638.00,00242 - PESQUEIRO - Pesqueiro Energia S.A.,00242 - PESQUEIRO - Pesqueiro Energia S.A.,Setor Elétrico,6,64,64130100
TAMANDUÁ,64242000,Ativo,SENGES-PR,-23.97670,-49.59580,490.00,00052 - IAT-PR - Instituto Água e Terra do Paraná,00001 - ANA - Agência Nacional de Águas ,RHN,6,64,64130100
TOMAZINA,64360000,Ativo,TOMAZINA-PR,-23.76670,-49.95000,483.00,00052 - IAT-PR - Instituto Água e Terra do Paraná,00001 - ANA - Agência Nacional de Águas ,RHN,6,64,64150000
UHE CANOAS II GRANJA GAROTA,64362001,Ativo,SANTO ANTÔNIO DA PLATINA-PR,-23.34330,-50.16280,438.00,00800 - CONS.CANOAS - Consórcio UHE Canoas,00800 - CONS.CANOAS - Consórcio UHE Canoas,Setor Elétrico,6,64,64100000
UHE CAPIVARA ANDIRÁ,64370000,Ativo,ANDIRÁ-PR,-23.08580,-50.28530,375.00,00131 - PARANAPANEMA - Rio Paranapanema Energia S.A,00131 - PARANAPANEMA - Rio Paranapanema Energia S.A,Setor Elétrico,6,64,64150000
UHE CAPIVARA PORTO SANTA TEREZINHA,64390000,Ativo,SANTA MARIANA-PR,-23.12250,-50.45030,340.00,00131 - PARANAPANEMA - Rio Paranapanema Energia S.A,00131 - PARANAPANEMA - Rio Paranapanema Energia S.A,Setor Elétrico,6,64,64150900
ETA - IRATI,64441020,Ativo,FERNANDES PINHEIRO-PR,-25.46420,-50.53310,750.00,00052 - IAT-PR - Instituto Água e Terra do Paraná,00001 - ANA - Agência Nacional de Águas ,RHN,6,64,64160300
UHE MAUÁ UVAIA MONTANTE,64444000,Ativo,PONTA GROSSA-PR,-25.07560,-50.38890,975.00,00437 - CONS.CECS - Consórcio Energético Cruzeiro do Sul,00437 - CONS.CECS - Consórcio Energético Cruzeiro do Sul,Setor Elétrico,6,64,64160000
PCH SÃO JORGE BARRAMENTO,64450001,Ativo,PONTA GROSSA-PR,-25.02220,-50.05690,950.00,00028 - COPEL - Copel Geração e Transmissão S.A,00028 - COPEL - Copel Geração e Transmissão S.A,Setor Elétrico,6,64,64161200
CGH PITANGUI RESERVATÓRIO,64452100,Manutenção,PONTA GROSSA-PR,-25.02810,-50.10190,900.00,00028 - COPEL - Copel Geração e Transmissão S.A,00028 - COPEL - Copel Geração e Transmissão S.A,RHN,6,64,64161200
PCH SÃO JORGE JUSANTE,64452190,Ativo,PONTA GROSSA-PR,-25.03560,-50.10250,850.00,00028 - COPEL - Copel Geração e Transmissão S.A,00028 - COPEL - Copel Geração e Transmissão S.A,Setor Elétrico,6,64,64161200
UHE TIBAGI MONTANTE RIO CAPIVARI,64461000,Ativo,TIBAGI-PR,-24.65330,-50.45280,740.00,01053 - TIBAGI - Tibagi Energia SPE S.A.,01053 - TIBAGI - Tibagi Energia SPE S.A.,Setor Elétrico,6,64,64161300
UHE TIBAGI MONTANTE RESERVATÓRIO 2,64464800,Ativo,TIBAGI-PR,-24.60720,-50.42530,728.00,01053 - TIBAGI - Tibagi Energia SPE S.A.,01053 - TIBAGI - Tibagi Energia SPE S.A.,Setor Elétrico,6,64,64160000
UHE MAUÁ TIBAGI MONTANTE,64464995,Ativo,TIBAGI-PR,-24.51220,-50.41110,720.00,00437 - CONS.CECS - Consórcio Energético Cruzeiro do Sul,00437 - CONS.CECS - Consórcio Energético Cruzeiro do Sul,Setor Elétrico,6,64,64160000
UHE TIBAGI MONTANTE RESERVATÓRIO 1,64469840,Ativo,TIBAGI-PR,-24.54690,-50.40060,722.00,01053 - TIBAGI - Tibagi Energia SPE S.A.,01053 - TIBAGI - Tibagi Energia SPE S.A.,Setor Elétrico,6,64,64160000
UHE TIBAGI MONTANTE JUSANTE,64469850,Ativo,TIBAGI-PR,-24.52750,-50.40720,710.00,01053 - TIBAGI - Tibagi Energia SPE S.A.,01053 - TIBAGI - Tibagi Energia SPE S.A.,Setor Elétrico,6,64,64160000
PCH CASTRO MONTANTE 2,64474800,Ativo,CASTRO-PR,-24.78220,-50.01750,980.00,01051 - CASTRO ENERGIA - Castro Energia Ltda.,01051 - CASTRO ENERGIA - Castro Energia Ltda.,Setor Elétrico,6,64,64161500
PCH CASTRO MONTANTE 1,64477000,Ativo,CASTRO-PR,-24.75060,-50.08810,979.00,01051 - CASTRO ENERGIA - Castro Energia Ltda.,01051 - CASTRO ENERGIA - Castro Energia Ltda.,Setor Elétrico,6,64,64161500
PCH CASTRO BARRAMENTO,64478100,Ativo,CASTRO-PR,-24.73640,-50.11890,974.00,01051 - CASTRO ENERGIA - Castro Energia Ltda.,01051 - CASTRO ENERGIA - Castro Energia Ltda.,Setor Elétrico,6,64,64161500
PCH CASTRO JUSANTE,64478150,Ativo,CASTRO-PR,-24.72780,-50.12110,968.00,01051 - CASTRO ENERGIA - Castro Energia Ltda.,01051 - CASTRO ENERGIA - Castro Energia Ltda.,Setor Elétrico,6,64,64161500
UHE MAUÁ MANZANILHA MONTANTE,64480995,Ativo,TIBAGI-PR,-24.48750,-50.36220,709.00,00437 - CONS.CECS - Consórcio Energético Cruzeiro do Sul,00437 - CONS.CECS - Consórcio Energético Cruzeiro do Sul,Setor Elétrico,6,64,64161500
UHE CAPIVARA TELÊMACO BORBA,64482000,Ativo,TELÊMACO BORBA-PR,-24.36030,-50.59390,637.03,00131 - PARANAPANEMA - Rio Paranapanema Energia S.A,00131 - PARANAPANEMA - Rio Paranapanema Energia S.A,Setor Elétrico,6,64,64160000
UHE MAUÁ BARRAMENTO,64489000,Ativo,TELÊMACO BORBA-PR,-24.06330,-50.70140,0.00,00437 - CONS.CECS - Consórcio Energético Cruzeiro do Sul,00437 - CONS.CECS - Consórcio Energético Cruzeiro do Sul,Setor Elétrico,6,64,64160000
PCH SALTO MAUÁ JUSANTE,64490800,Ativo,ORTIGUEIRA-PR,-24.04500,-50.71280,0.00,00043 - KLABIN - Klabin S.A,00043 - KLABIN - Klabin S.A,Setor Elétrico,6,64,64160000
UHE MAUÁ RIBEIRÃO DAS ANTAS JUSANTE,64491000,Ativo,CURIÚVA-PR,-24.03220,-50.69250,512.00,00437 - CONS.CECS - Consórcio Energético Cruzeiro do Sul,00437 - CONS.CECS - Consórcio Energético Cruzeiro do Sul,Setor Elétrico,6,64,64160000
PCH APUCARANINHA MONTANTE 1,64494000,Ativo,TAMARANA-PR,-23.73060,-51.03780,0.00,00028 - COPEL - Copel Geração e Transmissão S.A,00028 - COPEL - Copel Geração e Transmissão S.A,Setor Elétrico,6,64,64162380
PCH APUCARANINHA RESERVATÓRIO FIU,64497000,Ativo,LONDRINA-PR,-23.74890,-50.94060,0.00,00028 - COPEL - Copel Geração e Transmissão S.A,00028 - COPEL - Copel Geração e Transmissão S.A,Setor Elétrico,6,64,64162380
PCH APUCARANINHA BARRAMENTO,64497010,Ativo,TAMARANA-PR,-23.74940,-50.90810,652.00,00028 - COPEL - Copel Geração e Transmissão S.A,00028 - COPEL - Copel Geração e Transmissão S.A,Setor Elétrico,6,64,64162380
PORTO LONDRINA,64501000,Ativo,LONDRINA-PR,-23.63720,-50.92330,400.00,00052 - IAT-PR - Instituto Água e Terra do Paraná,00001 - ANA - Agência Nacional de Águas ,RHN,6,64,64160000
CEBOLÃO,64504210,Ativo,LONDRINA-PR,-23.46530,-51.30940,390.00,00052 - IAT-PR - Instituto Água e Terra do Paraná,00052 - IAT-PR - Instituto Água e Terra do Paraná,RHN,6,64,64160000
CHACARA ANA CLAÚDIA,64506000,Ativo,JATAIZINHO-PR,-23.31190,-50.99530,346.00,00052 - IAT-PR - Instituto Água e Terra do Paraná,00001 - ANA - Agência Nacional de Águas ,RHN,6,64,64160000
UHE CAPIVARA JATAIZINHO,64507000,Ativo,JATAIZINHO-PR,-23.24970,-50.98390,335.95,00131 - PARANAPANEMA - Rio Paranapanema Energia S.A,00131 - PARANAPANEMA - Rio Paranapanema Energia S.A,Setor Elétrico,6,64,64160000
PONTE PRETA,64508500,Ativo,CORNÉLIO PROCÓPIO-PR,-23.17000,-50.78810,370.00,00052 - IAT-PR - Instituto Água e Terra do Paraná,00001 - ANA - Agência Nacional de Águas ,RHN,6,64,64162900
FAZENDA SANTO ANTÔNIO,64515920,Ativo,FLORESTÓPOLIS-PR,-22.94080,-51.32440,350.00,00052 - IAT-PR - Instituto Água e Terra do Paraná,00052 - IAT-PR - Instituto Água e Terra do Paraná,RHN,6,64,64130220
UHE CAPIVARA BARRAMENTO,64516080,Ativo,PORECATU-PR,-22.66280,-51.35940,338.00,00131 - PARANAPANEMA - Rio Paranapanema Energia S.A,00131 - PARANAPANEMA - Rio Paranapanema Energia S.A,Setor Elétrico,6,64,64100000
MARINGÁ MTE. ETA SANEPAR,64541000,Ativo,MARINGÁ-PR,-23.32580,-51.84500,400.00,00052 - IAT-PR - Instituto Água e Terra do Paraná,00001 - ANA - Agência Nacional de Águas ,RHN,6,64,64171800
PCH SALTO BANDEIRANTES MONTANTE 2,64545840,Ativo,SANTA FÉ-PR,-23.12390,-51.59170,428.00,00815 - SANTAFÉ - Santa Fé Energética Ltda.,00815 - SANTAFÉ - Santa Fé Energética Ltda.,Setor Elétrico,6,64,64171850
PCH SALTO BANDEIRANTES MONTANTE 1,64545860,Ativo,SANTA FÉ-PR,-23.09810,-51.63780,420.00,00815 - SANTAFÉ - Santa Fé Energética Ltda.,00815 - SANTAFÉ - Santa Fé Energética Ltda.,Setor Elétrico,6,64,64171850
SANTA FÉ,64546900,Ativo,SANTA FÉ-PR,-23.03360,-51.75310,375.00,00052 - IAT-PR - Instituto Água e Terra do Paraná,00001 - ANA - Agência Nacional de Águas ,RHN,6,64,64171850
PCH SALTO BANDEIRANTES BARRAMENTO,64547500,Ativo,SANTA FÉ-PR,-22.98640,-51.82220,371.00,00815 - SANTAFÉ - Santa Fé Energética Ltda.,00815 - SANTAFÉ - Santa Fé Energética Ltda.,Setor Elétrico,6,64,64171850
PCH SALTO BANDEIRANTES JUSANTE,64547600,Ativo,SANTA FÉ-PR,-22.97810,-51.83280,358.00,00815 - SANTAFÉ - Santa Fé Energética Ltda.,00815 - SANTAFÉ - Santa Fé Energética Ltda.,Setor Elétrico,6,64,64171850
UHE ROSANA ITAGUAJÉ,64560000,Ativo,ITAGUAJÉ-PR,-22.61060,-52.00170,259.49,00131 - PARANAPANEMA - Rio Paranapanema Energia S.A,00131 - PARANAPANEMA - Rio Paranapanema Energia S.A,Setor Elétrico,6,64,64171800
RODOVIA PR-470,64565500,Ativo,SANTO ANTÔNIO DO CAIUÁ-PR,-22.72310,-52.27860,268.00,00052 - IAT-PR - Instituto Água e Terra do Paraná,00052 - IAT-PR - Instituto Água e Terra do Paraná,RHN,6,64,64172150
UHE ITAIPU PORTO SÃO JOSÉ,64575000,Ativo,SÃO PEDRO DO PARANÁ-PR,-22.71810,-53.17670,232.00,00090 - ITAIPU - Itaipu  Binacional,00090 - ITAIPU - Itaipu  Binacional,Setor Elétrico,6,64,60001000
UHE ROSANA PORTO SÃO JOSÉ,64575001,Ativo,NOVA LONDRINA-PR,-22.71830,-53.17670,235.00,00131 - PARANAPANEMA - Rio Paranapanema Energia S.A,00131 - PARANAPANEMA - Rio Paranapanema Energia S.A,Setor Elétrico,6,64,60001000
PORTO SÃO JOSÉ - JUSANTE,64575003,Manutenção,SÃO PEDRO DO PARANÁ-PR,-22.71306,-53.17278,232.00,00052 - IAT-PR - Instituto Água e Terra do Paraná,00001 - ANA - Agência Nacional de Águas ,CotaOnline,6,64,60001000
PORTO QUERÊNCIA,64580010,Ativo,QUERÊNCIA DO NORTE-PR,-22.96670,-53.60280,0.00,00090 - ITAIPU - Itaipu  Binacional,00090 - ITAIPU - Itaipu  Binacional,RHN,6,64,60001000
PRUDENTÓPOLIS CAPT. SANEPAR,64619000,Ativo,PRUDENTÓPOLIS-PR,-25.23720,-50.96080,747.00,00052 - IAT-PR - Instituto Água e Terra do Paraná,00001 - ANA - Agência Nacional de Águas ,RHN,6,64,64300100
PCH BOA VISTA II,64630000,Ativo,TURVO-PR,-24.91670,-51.41670,590.00,00052 - IAT-PR - Instituto Água e Terra do Paraná,00052 - IAT-PR - Instituto Água e Terra do Paraná,RHN,6,64,64300810
PCH BOA VISTA II BARRAMENTO,64630050,Ativo,TURVO-PR,-24.94080,-51.38440,850.00,00186 - IBEMA - Companhia Brasileira de Papel-IBEMA,00186 - IBEMA - Companhia Brasileira de Papel-IBEMA,Setor Elétrico,6,64,64300810
PCH BOA VISTA II JUSANTE,64630100,Ativo,TURVO-PR,-24.92280,-51.39750,840.00,00186 - IBEMA - Companhia Brasileira de Papel-IBEMA,00186 - IBEMA - Companhia Brasileira de Papel-IBEMA,Setor Elétrico,6,64,64300810
PCH CACHOEIRA MONTANTE,64630500,Ativo,TURVO-PR,-24.94390,-51.42250,830.00,00186 - IBEMA - Companhia Brasileira de Papel-IBEMA,00186 - IBEMA - Companhia Brasileira de Papel-IBEMA,Setor Elétrico,6,64,64300815
PCH CACHOEIRA BARRAMENTO,64630600,Ativo,TURVO-PR,-24.93330,-51.43280,850.00,00186 - IBEMA - Companhia Brasileira de Papel-IBEMA,00186 - IBEMA - Companhia Brasileira de Papel-IBEMA,Setor Elétrico,6,64,64300815
PCH PEDRINHO I BARRAMENTO,64631800,Ativo,BOA VENTURA DE SÃO ROQUE-PR,-24.78780,-51.43080,0.00,00257 - RIO PEDRINHO - Energética Rio Pedrinho S.A.,00257 - RIO PEDRINHO - Energética Rio Pedrinho S.A.,Setor Elétrico,6,64,64300900
PCH PEDRINHO I JUSANTE,64632000,Ativo,BOA VENTURA DE SÃO ROQUE-PR,-24.77690,-51.42890,542.00,00257 - RIO PEDRINHO - Energética Rio Pedrinho S.A.,00257 - RIO PEDRINHO - Energética Rio Pedrinho S.A.,Setor Elétrico,6,64,64300900
PCH ITAGUAÇU BARRAMENTO,64633000,Ativo,PITANGA-PR,-24.69420,-51.51940,538.00,00574 - ITAGUAÇU - Itaguaçu Energia S.A,00574 - ITAGUAÇU - Itaguaçu Energia S.A,Setor Elétrico,6,64,64301000
PCH ITAGUAÇU JUSANTE,64633050,Ativo,PITANGA-PR,-24.68940,-51.51810,478.00,00574 - ITAGUAÇU - Itaguaçu Energia S.A,00574 - ITAGUAÇU - Itaguaçu Energia S.A,Setor Elétrico,6,64,64301000
PCH CRISTALINO JUSANTE,64638000,Ativo,MANOEL RIBAS-PR,-24.57360,-51.55720,623.00,00300 - CRISTALINO - Cristalino Energia Ltda.,00300 - CRISTALINO - Cristalino Energia Ltda.,Setor Elétrico,6,64,64301300
PORTO ESPANHOL,64645000,Manutenção,GRANDES RIOS-PR,-24.34190,-51.42440,413.00,00052 - IAT-PR - Instituto Água e Terra do Paraná,00001 - ANA - Agência Nacional de Águas ,RHN,6,64,64300000
PCH MOURÃO I MONTANTE,64670005,Ativo,CAMPO MOURÃO-PR,-24.20670,-52.38250,612.53,01066 - MOURÃO - Enel Green Power Mourão S.A.,01066 - MOURÃO - Enel Green Power Mourão S.A.,Setor Elétrico,6,64,64320500
PCH MOURÃO I  BARRAMENTO,64670011,Ativo,CAMPO MOURÃO-PR,-24.10470,-52.32830,612.00,01066 - MOURÃO - Enel Green Power Mourão S.A.,01066 - MOURÃO - Enel Green Power Mourão S.A.,Setor Elétrico,6,64,64320500
PCH SALTO NATAL BARRAMENTO,64671500,Ativo,CAMPO MOURÃO-PR,-24.08640,-52.30080,514.50,00796 - SALTO NATAL - Energética Salto Natal S.A.,00796 - SALTO NATAL - Energética Salto Natal S.A.,Setor Elétrico,6,64,64320500
PCH SALTO NATAL JUSANTE,64671600,Ativo,CAMPO MOURÃO-PR,-24.05610,-52.29030,432.00,00796 - SALTO NATAL - Energética Salto Natal S.A.,00796 - SALTO NATAL - Energética Salto Natal S.A.,Setor Elétrico,6,64,64320500
PCH OURO BRANCO MONTANTE,64672050,Ativo,PEABIRU-PR,-24.01390,-52.24920,394.00,01134 - OURO BRANCO - Central Hidrelétrica Ouro Branco Ltda.,01134 - OURO BRANCO - Central Hidrelétrica Ouro Branco Ltda.,Setor Elétrico,6,64,64320500
PCH OURO BRANCO BARRAMENTO,64672100,Ativo,PEABIRU-PR,-23.99470,-52.23170,382.00,01134 - OURO BRANCO - Central Hidrelétrica Ouro Branco Ltda.,01134 - OURO BRANCO - Central Hidrelétrica Ouro Branco Ltda.,Setor Elétrico,6,64,64320500
PORTO BANANEIRA,64675002,Ativo,ENGENHEIRO BELTRÃO-PR,-23.67470,-52.11720,520.00,00052 - IAT-PR - Instituto Água e Terra do Paraná,00001 - ANA - Agência Nacional de Águas ,RHN,6,64,64300000
JAPURÁ - RIO DOS ÍNDIOS,64682000,Ativo,JAPURÁ-PR,-23.44140,-52.60470,285.00,00052 - IAT-PR - Instituto Água e Terra do Paraná,00001 - ANA - Agência Nacional de Águas ,RHN,6,64,64321700
PORTO CARRIEL,64767000,Ativo,GUARANIAÇÚ-PR,-24.94670,-52.59640,380.00,00052 - IAT-PR - Instituto Água e Terra do Paraná,00001 - ANA - Agência Nacional de Águas ,RHN,6,64,64510000
PEQUENO MUNDO,64771100,Ativo,ALTAMIRA DO PARANÁ-PR,-24.83890,-52.79610,0.00,00090 - ITAIPU - Itaipu  Binacional,00090 - ITAIPU - Itaipu  Binacional,RHN,6,64,64510000
PCH CANTU 2 MONTANTE,64773500,Ativo,MATO RICO-PR,-24.72470,-52.39310,435.00,00610 - CANTU - Cantu Energética S.A,00610 - CANTU - Cantu Energética S.A,Setor Elétrico,6,64,64510700
PCH CANTU 2 RIO BRANCO,64773750,Ativo,LARANJAL-PR,-24.76440,-52.43080,421.00,00610 - CANTU - Cantu Energética S.A,00610 - CANTU - Cantu Energética S.A,Setor Elétrico,6,64,64301500
PCH CANTU 2 BARRAMENTO,64773880,Ativo,NOVA CANTU-PR,-24.74780,-52.46810,415.00,00610 - CANTU - Cantu Energética S.A,00610 - CANTU - Cantu Energética S.A,Setor Elétrico,6,64,64510700
PCH CANTU 2 JUSANTE,64773890,Ativo,NOVA CANTU-PR,-24.74360,-52.47530,373.00,00610 - CANTU - Cantu Energética S.A,00610 - CANTU - Cantu Energética S.A,Setor Elétrico,6,64,64510700
PONTE DO GOIO - BANG,64785000,Ativo,CAMPINA DA LAGOA-PR,-24.55440,-52.90140,320.00,00052 - IAT-PR - Instituto Água e Terra do Paraná,00001 - ANA - Agência Nacional de Águas ,RHN,6,64,64511000
BALSA DO GOIO - ERE,64810000,Manutenção,MARILUZ-PR,-23.91667,-53.13306,320.00,00052 - IAT-PR - Instituto Água e Terra do Paraná,00001 - ANA - Agência Nacional de Águas ,CotaOnline,6,64,64511700
FAZENDA UBERABA,64815000,Ativo,MARILUZ-PR,-24.13310,-53.31670,310.00,00052 - IAT-PR - Instituto Água e Terra do Paraná,00001 - ANA - Agência Nacional de Águas ,RHN,6,64,64511700
UHE ITAIPU NOVO BALSA SANTA MARIA,64831000,Ativo,PALOTINA-PR,-24.19060,-53.74360,0.00,00090 - ITAIPU - Itaipu  Binacional,00090 - ITAIPU - Itaipu  Binacional,Setor Elétrico,6,64,64510000
IPORÃ,64833000,Ativo,IPORÃ-PR,-23.97140,-53.75250,260.00,00052 - IAT-PR - Instituto Água e Terra do Paraná,00001 - ANA - Agência Nacional de Águas ,RHN,6,64,64512800
UHE ITAIPU GUAÍRA BRAÇO DIREITO,64838000,Ativo,GUAÍRA-PR,-24.04250,-54.23420,0.00,00090 - ITAIPU - Itaipu  Binacional,00090 - ITAIPU - Itaipu  Binacional,Setor Elétrico,6,64,60001000
NOVO TRÊS PASSOS,64849000,Ativo,MARECHAL CÂNDIDO RONDON-PR,-24.39390,-54.13830,550.00,00052 - IAT-PR - Instituto Água e Terra do Paraná,00052 - IAT-PR - Instituto Água e Terra do Paraná,RHN,6,64,64520100
ARROIO GUAÇU,64849010,Ativo,MERCEDES-PR,-24.39110,-54.14920,0.00,00090 - ITAIPU - Itaipu  Binacional,00090 - ITAIPU - Itaipu  Binacional,RHN,6,64,64520100
PCH MOINHO MONTANTE,64850050,Ativo,MARECHAL CÂNDIDO RONDON-PR,-24.47170,-53.99860,314.00,01117 - CERCAR - Cercar PCH Moinho S.A.,01117 - CERCAR - Cercar PCH Moinho S.A.,Setor Elétrico,6,64,64520100
PCH MOINHO BARRAMENTO,64850100,Ativo,MARECHAL CÂNDIDO RONDON-PR,-24.41920,-54.02860,290.00,01117 - CERCAR - Cercar PCH Moinho S.A.,01117 - CERCAR - Cercar PCH Moinho S.A.,Setor Elétrico,6,64,64520100
PCH MOINHO JUSANTE,64850150,Ativo,MARECHAL CÂNDIDO RONDON-PR,-24.42030,-54.03670,282.00,01117 - CERCAR - Cercar PCH Moinho S.A.,01117 - CERCAR - Cercar PCH Moinho S.A.,Setor Elétrico,6,64,64520100
PCH SÃO FRANCISCO MONTANTE 2,64863100,Ativo,OURO VERDE DO OESTE-PR,-24.77920,-53.76080,395.60,00543 - GÊNESIS - Gênesis Energética S.A,00543 - GÊNESIS - Gênesis Energética S.A,Setor Elétrico,6,64,64520400
PCH SÃO FRANCISCO MONTANTE 1,64864100,Ativo,OURO VERDE DO OESTE-PR,-24.74280,-53.85500,395.60,00543 - GÊNESIS - Gênesis Energética S.A,00543 - GÊNESIS - Gênesis Energética S.A,Setor Elétrico,6,64,64520400
PCH SÃO FRANCISCO BARRAMENTO,64864150,Ativo,OURO VERDE DO OESTE-PR,-24.73280,-53.89280,395.60,00543 - GÊNESIS - Gênesis Energética S.A,00543 - GÊNESIS - Gênesis Energética S.A,Setor Elétrico,6,64,64520400
PCH SÃO FRANCISCO JUSANTE,64864200,Ativo,OURO VERDE DO OESTE-PR,-24.71750,-53.94360,395.60,00543 - GÊNESIS - Gênesis Energética S.A,00543 - GÊNESIS - Gênesis Energética S.A,Setor Elétrico,6,64,64520400
SÃO FRANCISCO VERDADEIRO,64875600,Ativo,ENTRE RIOS DO OESTE-PR,-24.74390,-54.09670,0.00,00090 - ITAIPU - Itaipu  Binacional,00090 - ITAIPU - Itaipu  Binacional,RHN,6,64,64520400
UHE ITAIPU SÃO FRANCISCO FALSO,64892500,Ativo,DIAMANTE D''OESTE-PR,-24.96000,-54.17500,230.00,00090 - ITAIPU - Itaipu  Binacional,00090 - ITAIPU - Itaipu  Binacional,Setor Elétrico,6,64,64520480
UHE ITAIPU PAULISTANIA,64899500,Ativo,SÃO MIGUEL DO IGUAÇU-PR,-25.26670,-54.43330,218.00,00090 - ITAIPU - Itaipu  Binacional,00090 - ITAIPU - Itaipu  Binacional,Setor Elétrico,6,64,60001000
UHE ITAIPU DEFLUÊNCIA,64902080,Ativo,FOZ DO IGUAÇU-PR,-25.40000,-54.58330,0.00,00090 - ITAIPU - Itaipu  Binacional,00090 - ITAIPU - Itaipu  Binacional,Setor Elétrico,6,64,60001000
UHE ITAIPU R-4,64918000,Ativo,FOZ DO IGUAÇU-PR,-25.44170,-54.60280,0.00,00090 - ITAIPU - Itaipu  Binacional,00090 - ITAIPU - Itaipu  Binacional,Setor Elétrico,6,64,60001000
BARRAGEM IRAÍ,65001500,Ativo,PIRAQUARA-PR,-25.41780,-49.10670,891.02,00052 - IAT-PR - Instituto Água e Terra do Paraná,00052 - IAT-PR - Instituto Água e Terra do Paraná,RHN,6,65,65102000
PONTE PR-415,65004995,Ativo,PIRAQUARA-PR,-25.45060,-49.12110,875.30,00052 - IAT-PR - Instituto Água e Terra do Paraná,00001 - ANA - Agência Nacional de Águas ,RHN,6,65,65101000
COMPORTA CANAL ÁGUA LIMPA,65006090,Ativo,SÃO JOSÉ DOS PINHAIS-PR,-25.48640,-49.18110,876.00,00052 - IAT-PR - Instituto Água e Terra do Paraná,00052 - IAT-PR - Instituto Água e Terra do Paraná,RHN,6,65,65100000
FAZENDINHA,65010000,Ativo,SÃO JOSÉ DOS PINHAIS-PR,-25.51920,-49.14560,875.06,00052 - IAT-PR - Instituto Água e Terra do Paraná,00001 - ANA - Agência Nacional de Águas ,RHN,6,65,65107000
JUSANTE PARQUE SÃO LOURENÇO,65011030,Ativo,CURITIBA-PR,-25.38670,-49.26610,919.46,00052 - IAT-PR - Instituto Água e Terra do Paraná,00052 - IAT-PR - Instituto Água e Terra do Paraná,RHN,6,65,65108000
ETE - SANEPAR,65013005,Ativo,CURITIBA-PR,-25.52810,-49.21890,875.00,00052 - IAT-PR - Instituto Água e Terra do Paraná,00052 - IAT-PR - Instituto Água e Terra do Paraná,RHN,6,65,65100000
CACHOEIRA,65015400,Ativo,SÃO JOSÉ DOS PINHAIS-PR,-25.58920,-49.22810,878.00,00052 - IAT-PR - Instituto Água e Terra do Paraná,00001 - ANA - Agência Nacional de Águas ,RHN,6,65,65110000
PONTE DO UMBARAZINHO,65017006,Ativo,SÃO JOSÉ DOS PINHAIS-PR,-25.59860,-49.26080,879.00,00052 - IAT-PR - Instituto Água e Terra do Paraná,00052 - IAT-PR - Instituto Água e Terra do Paraná,RHN,6,65,65100000
SANTA QUITÉRIA,65019675,Ativo,CURITIBA-PR,-25.46330,-49.31970,889.09,00052 - IAT-PR - Instituto Água e Terra do Paraná,00052 - IAT-PR - Instituto Água e Terra do Paraná,RHN,6,65,65113000
GUAJUVIRA,65025000,Ativo,ARAUCÁRIA-PR,-25.60030,-49.51330,857.72,00052 - IAT-PR - Instituto Água e Terra do Paraná,00001 - ANA - Agência Nacional de Águas ,RHN,6,65,65100000
FORMIGAS,65026950,Ativo,ARAUCÁRIA-PR,-25.53780,-49.54440,869.22,00052 - IAT-PR - Instituto Água e Terra do Paraná,00052 - IAT-PR - Instituto Água e Terra do Paraná,RHN,6,65,65115000
BALSA NOVA,65028000,Ativo,BALSA NOVA-PR,-25.58860,-49.63190,854.36,00052 - IAT-PR - Instituto Água e Terra do Paraná,00052 - IAT-PR - Instituto Água e Terra do Paraná,RHN,6,65,65100000
UHE GOV. NEY AMINTHAS PORTO AMAZONAS,65035001,Ativo,PORTO AMAZONAS-PR,-25.54810,-49.88940,780.00,00028 - COPEL - Copel Geração e Transmissão S.A,00028 - COPEL - Copel Geração e Transmissão S.A,Setor Elétrico,6,65,65100000
UHE GOV. NEY AMINTHAS SÃO MATEUS DO SUL,65060001,Ativo,SÃO MATEUS DO SUL-PR,-25.87560,-50.38940,760.00,00028 - COPEL - Copel Geração e Transmissão S.A,00028 - COPEL - Copel Geração e Transmissão S.A,Setor Elétrico,6,65,65100000
PCH DERIVAÇÃO DO RIO JORDÃO RIO NEGRO,65100001,Ativo,RIO NEGRO-PR,-26.10970,-49.80110,766.00,00028 - COPEL - Copel Geração e Transmissão S.A,00028 - COPEL - Copel Geração e Transmissão S.A,Setor Elétrico,6,65,65120000
QUITANDINHA,65136550,Ativo,QUITANDINHA-PR,-25.85500,-49.52580,800.00,00052 - IAT-PR - Instituto Água e Terra do Paraná,00001 - ANA - Agência Nacional de Águas ,RHN,6,65,65120400
PCH CANHADÃO BARRAMENTO,65140000,Ativo,MANGUEIRINHA-PR,-25.97830,-52.21330,890.00,00363 - CANHADÃO - Canhadão Produção de Energia Elétrica LTDA.,00363 - CANHADÃO - Canhadão Produção de Energia Elétrica LTDA.,Setor Elétrico,6,65,65140700
PCH CANHADÃO JUSANTE,65141000,Ativo,MANGUEIRINHA-PR,-25.97360,-52.16830,657.00,00363 - CANHADÃO - Canhadão Produção de Energia Elétrica LTDA.,00363 - CANHADÃO - Canhadão Produção de Energia Elétrica LTDA.,Setor Elétrico,6,65,65140700
PCH CAVERNOSO II SÃO BENTO,65155001,Ativo,LAPA-PR,-25.94390,-49.79610,775.00,00028 - COPEL - Copel Geração e Transmissão S.A,00028 - COPEL - Copel Geração e Transmissão S.A,Setor Elétrico,6,65,65120400
FAZENDA MELLO,65155500,Ativo,ANTÔNIO OLINTO-PR,-25.98670,-50.09280,840.00,"00414 - RIGESA - Rigesa - Celulose, Papel e Embalagens Ltda.","00414 - RIGESA - Rigesa - Celulose, Papel e Embalagens Ltda.",RHN,6,65,65140450
PCH DERIVAÇÃO DO RIO JORDÃO DIVISA,65175001,Ativo,SÃO MATEUS DO SUL-PR,-26.09140,-50.33390,770.00,00028 - COPEL - Copel Geração e Transmissão S.A,00028 - COPEL - Copel Geração e Transmissão S.A,Setor Elétrico,6,65,65120000
UHE GOV. BENTO MUNHOZ FLUVIÓPOLIS,65220001,Ativo,SÃO MATEUS DO SUL-PR,-26.01920,-50.59250,770.00,00028 - COPEL - Copel Geração e Transmissão S.A,00028 - COPEL - Copel Geração e Transmissão S.A,Setor Elétrico,6,65,65100000
UHE GOV. BENTO MUNHOZ UNIÃO DA VITÓRIA,65310001,Ativo,UNIÃO DA VITÓRIA-PR,-26.22810,-51.08030,739.00,00028 - COPEL - Copel Geração e Transmissão S.A,00028 - COPEL - Copel Geração e Transmissão S.A,Setor Elétrico,6,65,65100000
UHE GOV. BENTO MUNHOZ R5 PORTO VITÓRIA,65365801,Ativo,PORTO VITÓRIA-PR,-26.16530,-51.22810,740.00,00028 - COPEL - Copel Geração e Transmissão S.A,00028 - COPEL - Copel Geração e Transmissão S.A,Setor Elétrico,6,65,65100000
UHE GOV. BENTO MUNHOZ JANGADA DO SUL,65370001,Ativo,GENERAL CARNEIRO-PR,-26.38690,-51.27190,800.00,00028 - COPEL - Copel Geração e Transmissão S.A,00028 - COPEL - Copel Geração e Transmissão S.A,Setor Elétrico,6,65,65131200
UHE GOV. BENTO MUNHOZ MADEIREIRA GAVAZONI,65764001,Ativo,CRUZ MACHADO-PR,-25.80750,-51.28860,805.00,00028 - COPEL - Copel Geração e Transmissão S.A,00028 - COPEL - Copel Geração e Transmissão S.A,Setor Elétrico,6,65,65140000
UHE GOV. BENTO MUNHOZ BARRAMENTO,65774400,Ativo,PINHÃO-PR,-26.00940,-51.66470,742.00,00028 - COPEL - Copel Geração e Transmissão S.A,00028 - COPEL - Copel Geração e Transmissão S.A,Setor Elétrico,6,65,65100000
UHE GOV. NEY AMINTHAS SOLAIS NOVO,65775901,Ativo,CORONEL DOMINGOS SOARES-PR,-26.09310,-51.87970,720.00,00028 - COPEL - Copel Geração e Transmissão S.A,00028 - COPEL - Copel Geração e Transmissão S.A,Setor Elétrico,6,65,65140300
UHE GOV. NEY AMINTHAS BARRAMENTO,65803001,Ativo,MANGUEIRINHA-PR,-25.78830,-52.11470,607.00,00028 - COPEL - Copel Geração e Transmissão S.A,00028 - COPEL - Copel Geração e Transmissão S.A,Setor Elétrico,6,65,65100000
FOZ DO RIO BANANAS,65808500,Ativo,GUARAPUAVA-PR,-25.44310,-51.44640,967.00,00052 - IAT-PR - Instituto Água e Terra do Paraná,00052 - IAT-PR - Instituto Água e Terra do Paraná,RHN,6,65,65150090
CGH ENXADRISTA MONTANTE,65808900,Ativo,GUARAPUAVA-PR,-25.38470,-51.38530,1013.00,01142 - RIO DAS PEDRAS - Energética Rio das Pedras SPE Ltda.,01142 - RIO DAS PEDRAS - Energética Rio das Pedras SPE Ltda.,Setor Elétrico,6,65,65141400
ETA - GUARAPUAVA,65809000,Ativo,GUARAPUAVA-PR,-25.39780,-51.43580,950.00,00052 - IAT-PR - Instituto Água e Terra do Paraná,00001 - ANA - Agência Nacional de Águas ,RHN,6,65,65141400
FOZ DO RIO COUTINHO,65812000,Ativo,GUARAPUAVA-PR,-25.45280,-51.63580,0.00,00052 - IAT-PR - Instituto Água e Terra do Paraná,00052 - IAT-PR - Instituto Água e Terra do Paraná,RHN,6,65,65150000
PCH TRÊS CAPÕES JUSANTE,65813000,Ativo,GUARAPUAVA-PR,-25.46750,-51.66390,898.00,00187 - INSAM - Indústrias de Madeiras Santa Maria Ltda.-INSAM,00187 - INSAM - Indústrias de Madeiras Santa Maria Ltda.-INSAM,Setor Elétrico,6,65,65150000
UHE SANTA CLARA MONTANTE,65813100,Ativo,GUARAPUAVA-PR,-25.48780,-51.73780,0.00,00289 - ELEJOR - Centrais Elétricas do Rio Jordão S.A-ELEJOR,00289 - ELEJOR - Centrais Elétricas do Rio Jordão S.A-ELEJOR,Setor Elétrico,6,65,65150000
UHE SALTO CURUCACA BARRAMENTO,65815040,Ativo,GUARAPUAVA-PR,-25.53530,-51.81580,0.00,00716 - SANTA MARIA - Santa Maria Companhia Papel e Celulose,00716 - SANTA MARIA - Santa Maria Companhia Papel e Celulose,Setor Elétrico,6,65,65150000
UHE SALTO CURUCACA JUSANTE,65815050,Ativo,GUARAPUAVA-PR,-25.53830,-51.81890,1000.00,00716 - SANTA MARIA - Santa Maria Companhia Papel e Celulose,00716 - SANTA MARIA - Santa Maria Companhia Papel e Celulose,Setor Elétrico,6,65,65150000
PCH TAGUÁ,65815060,Ativo,CANDÓI-PR,-25.50440,-51.78640,887.00,01164 - TAGUÁ - Taguá Energia Ltda,01164 - TAGUÁ - Taguá Energia Ltda,Setor Elétrico,6,65,65150000
UHE SANTA CLARA RIO PINHÃO,65819300,Ativo,PINHÃO-PR,-25.61190,-51.65310,0.00,00289 - ELEJOR - Centrais Elétricas do Rio Jordão S.A-ELEJOR,00289 - ELEJOR - Centrais Elétricas do Rio Jordão S.A-ELEJOR,Setor Elétrico,6,65,65150300
UHE SANTA CLARA BARRAMENTO,65824991,Ativo,PINHÃO-PR,-25.65580,-51.95220,811.00,00289 - ELEJOR - Centrais Elétricas do Rio Jordão S.A-ELEJOR,00289 - ELEJOR - Centrais Elétricas do Rio Jordão S.A-ELEJOR,Setor Elétrico,6,65,65150000
UHE FUNDÃO BARRAMENTO,65825497,Ativo,FOZ DO JORDÃO-PR,-25.70190,-52.00500,711.00,00289 - ELEJOR - Centrais Elétricas do Rio Jordão S.A-ELEJOR,00289 - ELEJOR - Centrais Elétricas do Rio Jordão S.A-ELEJOR,Setor Elétrico,6,65,65150000
PCH DERIVAÇÃO DO RIO JORDÃO BARRAMENTO,65826612,Ativo,RESERVA DO IGUAÇU-PR,-25.75420,-52.08720,616.00,00028 - COPEL - Copel Geração e Transmissão S.A,00028 - COPEL - Copel Geração e Transmissão S.A,Setor Elétrico,6,65,65150000
PCH BARRA JUSANTE,65826720,Ativo,FOZ DO JORDÃO-PR,-25.76750,-52.09060,554.00,00376 - RIO JORDÃO - Rio Jordão Papéis S.A.,00376 - RIO JORDÃO - Rio Jordão Papéis S.A.,Setor Elétrico,6,65,65150000
PCH TIGRE BARRAMENTO,65831000,Ativo,MANGUEIRINHA-PR,-26.05280,-52.17830,901.00,00661 - TIGRE - Tigre Produção de Energia Elétrica Ltda.,00661 - TIGRE - Tigre Produção de Energia Elétrica Ltda.,Setor Elétrico,6,65,65140710
PCH TIGRE JUSANTE,65831020,Ativo,MANGUEIRINHA-PR,-26.04110,-52.17500,828.00,00661 - TIGRE - Tigre Produção de Energia Elétrica Ltda.,00661 - TIGRE - Tigre Produção de Energia Elétrica Ltda.,Setor Elétrico,6,65,65140710
PCH COVÓ MONTANTE,65831900,Ativo,MANGUEIRINHA-PR,-25.97970,-52.16140,661.00,00525 - COVÓ - Covó Geração de Energia Elétrica Ltda.,00525 - COVÓ - Covó Geração de Energia Elétrica Ltda.,Setor Elétrico,6,65,65140710
PCH COVÓ BARAMENTO,65832000,Ativo,MANGUEIRINHA-PR,-25.97220,-52.15140,661.00,00525 - COVÓ - Covó Geração de Energia Elétrica Ltda.,00525 - COVÓ - Covó Geração de Energia Elétrica Ltda.,Setor Elétrico,6,65,65140710
PCH CAVERNOSO II VAU DOS RIBEIROS,65854500,Ativo,VIRMOND-PR,-25.38110,-52.02610,607.00,00028 - COPEL - Copel Geração e Transmissão S.A,00028 - COPEL - Copel Geração e Transmissão S.A,Setor Elétrico,6,65,65160000
PCH CAVERNOSO II BARRAMENTO,65855080,Ativo,VIRMOND-PR,-25.48780,-52.21560,560.00,00028 - COPEL - Copel Geração e Transmissão S.A,00028 - COPEL - Copel Geração e Transmissão S.A,Setor Elétrico,6,65,65160000
PCH CAVERNOSO II JUSANTE,65855110,Ativo,VIRMOND-PR,-25.50890,-52.22920,514.00,00028 - COPEL - Copel Geração e Transmissão S.A,00028 - COPEL - Copel Geração e Transmissão S.A,Setor Elétrico,6,65,65160000
UHE SALTO SANTIAGO RIO CHOPINZINHO,65875500,Ativo,CHOPINZINHO-PR,-25.78080,-52.49170,540.00,00112 - ENGIE - Engie Brasil Energia S.A.,00112 - ENGIE - Engie Brasil Energia S.A.,Setor Elétrico,6,65,65160100
UHE SALTO SANTIAGO RESERVATÓRIO 2,65883045,Ativo,SAUDADE DO IGUAÇU-PR,-25.64060,-52.59500,491.00,00112 - ENGIE - Engie Brasil Energia S.A.,00112 - ENGIE - Engie Brasil Energia S.A.,Setor Elétrico,6,65,65100000
UHE SALTO SANTIAGO RESERVATÓRIO 1,65883048,Ativo,SAUDADE DO IGUAÇU-PR,-25.60500,-52.60530,490.00,00112 - ENGIE - Engie Brasil Energia S.A.,00112 - ENGIE - Engie Brasil Energia S.A.,Setor Elétrico,6,65,65100000
UHE SALTO SANTIAGO BARRAMENTO,65883051,Ativo,SAUDADE DO IGUAÇU-PR,-25.61030,-52.61640,491.00,00112 - ENGIE - Engie Brasil Energia S.A.,00112 - ENGIE - Engie Brasil Energia S.A.,Setor Elétrico,6,65,65100000
UHE SALTO OSÓRIO RIO DAS COBRAS,65889700,Ativo,ESPIGÃO ALTO DO IGUAÇU-PR,-25.41030,-52.74060,495.00,00112 - ENGIE - Engie Brasil Energia S.A.,00112 - ENGIE - Engie Brasil Energia S.A.,Setor Elétrico,6,65,65160900
UHE SALTO OSÓRIO RESERVATÓRIO 2,65889800,Ativo,SÃO JORGE D''OESTE-PR,-25.61250,-52.86330,405.00,00112 - ENGIE - Engie Brasil Energia S.A.,00112 - ENGIE - Engie Brasil Energia S.A.,Setor Elétrico,6,65,65100000
UHE SALTO OSÓRIO RESERVATÓRIO 1,65894900,Ativo,SÃO JORGE D''OESTE-PR,-25.55940,-52.99390,402.00,00112 - ENGIE - Engie Brasil Energia S.A.,00112 - ENGIE - Engie Brasil Energia S.A.,Setor Elétrico,6,65,65100000
UHE SALTO OSÓRIO BARRAMENTO,65894991,Ativo,QUEDAS DO IGUAÇU-PR,-25.53310,-53.01060,400.00,00112 - ENGIE - Engie Brasil Energia S.A.,00112 - ENGIE - Engie Brasil Energia S.A.,Setor Elétrico,6,65,65100000
PCH ARTURO ANDREOLI PORTO PALMEIRINHA,65927001,Ativo,CORONEL VIVIDA-PR,-26.02890,-52.62810,450.00,00312 - FOZ DO CHOPIM - Foz do Chopim Energética Ltda.,00312 - FOZ DO CHOPIM - Foz do Chopim Energética Ltda.,Setor Elétrico,6,65,65170000
PCH VITORINO MONTANTE,65945200,Ativo,ITAPEJARA D''OESTE-PR,-26.01000,-52.79390,522.00,00373 - RIO VITORINO - Hidrelétrica Rio Vitorino LTDA.,00373 - RIO VITORINO - Hidrelétrica Rio Vitorino LTDA.,Setor Elétrico,6,65,65170300
PCH VITORINO BARRAMENTO,65945400,Ativo,ITAPEJARA D''OESTE-PR,-25.99720,-52.78560,520.00,00373 - RIO VITORINO - Hidrelétrica Rio Vitorino LTDA.,00373 - RIO VITORINO - Hidrelétrica Rio Vitorino LTDA.,Setor Elétrico,6,65,65170300
PCH VITORINO JUSANTE 1,65945500,Ativo,ITAPEJARA D''OESTE-PR,-25.99720,-52.78500,518.00,00373 - RIO VITORINO - Hidrelétrica Rio Vitorino LTDA.,00373 - RIO VITORINO - Hidrelétrica Rio Vitorino LTDA.,Setor Elétrico,6,65,65170300
PCH VITORINO JUSANTE 2,65945600,Ativo,ITAPEJARA D''OESTE-PR,-25.99220,-52.78580,492.00,00373 - RIO VITORINO - Hidrelétrica Rio Vitorino LTDA.,00373 - RIO VITORINO - Hidrelétrica Rio Vitorino LTDA.,Setor Elétrico,6,65,65170300
PONTE MARMELEIRO MTE. ETA,65948000,Ativo,MARMELEIRO-PR,-26.15250,-53.02000,500.00,00052 - IAT-PR - Instituto Água e Terra do Paraná,00001 - ANA - Agência Nacional de Águas ,RHN,6,65,65170660
FRANCISCO BELTRÃO MTE. ETA,65950200,Ativo,FRANCISCO BELTRÃO-PR,-26.08170,-53.07390,450.00,00052 - IAT-PR - Instituto Água e Terra do Paraná,00001 - ANA - Agência Nacional de Águas ,RHN,6,65,65170680
PCH VILA GALUPO MONTANTE,65954200,Ativo,BOM SUCESSO DO SUL-PR,-26.08640,-52.93940,550.00,01114 - SUDOESTE - Sudoeste Energia Ltda.,01114 - SUDOESTE - Sudoeste Energia Ltda.,Setor Elétrico,6,65,65170600
PCH BEDIM MONTANTE,65954250,Ativo,RENASCENÇA-PR,-26.09560,-52.94810,560.00,01159 - SANTANA - Santana Energética Ltda,01159 - SANTANA - Santana Energética Ltda,Setor Elétrico,6,65,65170600
PCH BEDIM BARRAMENTO,65954300,Ativo,RENASCENÇA-PR,-26.09110,-52.95580,565.00,01159 - SANTANA - Santana Energética Ltda,01159 - SANTANA - Santana Energética Ltda,Setor Elétrico,6,65,65170600
PCH VILA GALUPO BARRAMENTO,65954400,Ativo,BOM SUCESSO DO SUL-PR,-26.06170,-52.92220,536.00,01114 - SUDOESTE - Sudoeste Energia Ltda.,01114 - SUDOESTE - Sudoeste Energia Ltda.,Setor Elétrico,6,65,65170600
PCH JACARÉ BARRAMENTO,65954900,Ativo,FRANCISCO BELTRÃO-PR,-26.03890,-52.93310,509.00,01050 - VORTEX - Vortex Energia Ltda.,01050 - VORTEX - Vortex Energia Ltda.,Setor Elétrico,6,65,65170600
PCH JACARÉ JUSANTE,65954950,Ativo,FRANCISCO BELTRÃO-PR,-26.03470,-52.92360,496.00,01050 - VORTEX - Vortex Energia Ltda.,01050 - VORTEX - Vortex Energia Ltda.,Setor Elétrico,6,65,65170600
BALSA DO SANTANA,65955000,Ativo,ITAPEJARA D''OESTE-PR,-25.91500,-52.84940,450.00,00052 - IAT-PR - Instituto Água e Terra do Paraná,00001 - ANA - Agência Nacional de Águas ,RHN,6,65,65170600
PCH ARTURO ANDREOLI RIO SANTANA,65956000,Ativo,VERÊ-PR,-25.88310,-52.86310,0.00,00312 - FOZ DO CHOPIM - Foz do Chopim Energética Ltda.,00312 - FOZ DO CHOPIM - Foz do Chopim Energética Ltda.,Setor Elétrico,6,65,65170600
PCH BELA VISTA RESERVATÓRIO,65957000,Ativo,VERÊ-PR,-25.81810,-52.90140,430.00,00214 - VISTA - Bela Vista Geração de Energia S.A.,00214 - VISTA - Bela Vista Geração de Energia S.A.,Setor Elétrico,6,65,65170000
PCH BELA VISTA JUSANTE,65958000,Ativo,VERÊ-PR,-25.80580,-52.90670,421.00,00214 - VISTA - Bela Vista Geração de Energia S.A.,00214 - VISTA - Bela Vista Geração de Energia S.A.,Setor Elétrico,6,65,65170000
UHE GOV. JOSÉ RICHA ÁGUAS DO VERE,65960001,Ativo,VERÊ-PR,-25.77390,-52.92440,390.00,00028 - COPEL - Copel Geração e Transmissão S.A,00028 - COPEL - Copel Geração e Transmissão S.A,Setor Elétrico,6,65,65170000
PCH ARTURO ANDREOLI FLOR DA SERRA,65962000,Ativo,DOIS VIZINHOS-PR,-25.68220,-52.98440,550.00,00312 - FOZ DO CHOPIM - Foz do Chopim Energética Ltda.,00312 - FOZ DO CHOPIM - Foz do Chopim Energética Ltda.,Setor Elétrico,6,65,65170000
PCH ARTURO ANDREOLI BARRAMENTO,65963071,Ativo,CRUZEIRO DO IGUAÇU-PR,-25.57110,-53.11330,356.00,00312 - FOZ DO CHOPIM - Foz do Chopim Energética Ltda.,00312 - FOZ DO CHOPIM - Foz do Chopim Energética Ltda.,Setor Elétrico,6,65,65170000
UHE GOV. JOSÉ RICHA PORTO SANTO ANTÔNIO,65970001,Ativo,TRÊS BARRAS DO PARANÁ-PR,-25.39390,-53.10390,430.00,00028 - COPEL - Copel Geração e Transmissão S.A,00028 - COPEL - Copel Geração e Transmissão S.A,Setor Elétrico,6,65,65180100
UHE GOV. JOSÉ RICHA BARRAMENTO,65973501,Ativo,NOVA PRATA DO IGUAÇU-PR,-25.54190,-53.48440,3286.00,00028 - COPEL - Copel Geração e Transmissão S.A,00028 - COPEL - Copel Geração e Transmissão S.A,Setor Elétrico,6,65,65100000
UHE BAIXO IGUAÇU RIO ANDRADA,65975300,Ativo,CAPITÃO LEÔNIDAS MARQUES-PR,-25.42170,-53.50030,329.00,00369 - CÉU AZUL - Geração Céu Azul S.A.,00369 - CÉU AZUL - Geração Céu Azul S.A.,Setor Elétrico,6,65,65180700
UHE BAIXO IGUAÇU RIO CAPANEMA,65980500,Ativo,CAPANEMA-PR,-25.76920,-53.61110,329.00,00369 - CÉU AZUL - Geração Céu Azul S.A.,00369 - CÉU AZUL - Geração Céu Azul S.A.,Setor Elétrico,6,65,65180800
UHE ITAIPU PONTE DO CAPANEMA,65981500,Ativo,PLANALTO-PR,-25.77000,-53.61140,320.00,00090 - ITAIPU - Itaipu  Binacional,00090 - ITAIPU - Itaipu  Binacional,Setor Elétrico,6,65,65180800
UHE BAIXO IGUAÇU RESERVATÓRIO,65983000,Ativo,CAPITÃO LEÔNIDAS MARQUES-PR,-25.50830,-53.66690,263.00,00369 - CÉU AZUL - Geração Céu Azul S.A.,00369 - CÉU AZUL - Geração Céu Azul S.A.,Setor Elétrico,6,65,65100000
UHE BAIXO IGUAÇU BARRAMENTO,65983100,Ativo,CAPITÃO LEÔNIDAS MARQUES-PR,-25.50420,-53.67220,263.00,00369 - CÉU AZUL - Geração Céu Azul S.A.,00369 - CÉU AZUL - Geração Céu Azul S.A.,Setor Elétrico,6,65,65100000
UHE BAIXO IGUAÇU JUSANTE,65984000,Ativo,CAPANEMA-PR,-25.58530,-53.72780,231.00,00369 - CÉU AZUL - Geração Céu Azul S.A.,00369 - CÉU AZUL - Geração Céu Azul S.A.,Setor Elétrico,6,65,65100000
UHE ITAIPU PORTO CAPANEMA,65987000,Ativo,SERRANÓPOLIS DO IGUAÇU-PR,-25.56670,-53.93310,180.00,00090 - ITAIPU - Itaipu  Binacional,00090 - ITAIPU - Itaipu  Binacional,Setor Elétrico,6,65,65100000
UHE GOV. JOSÉ RICHA PORTO CAPANEMA,65987001,Ativo,CAPANEMA-PR,-25.56670,-53.93330,180.00,00028 - COPEL - Copel Geração e Transmissão S.A,00028 - COPEL - Copel Geração e Transmissão S.A,Setor Elétrico,6,65,65100000
UHE ITAIPU HOTEL CATARATAS,65992500,Ativo,FOZ DO IGUAÇU-PR,-25.68310,-54.44060,180.10,00090 - ITAIPU - Itaipu  Binacional,00090 - ITAIPU - Itaipu  Binacional,Setor Elétrico,6,65,65100000
HOTEL CATARATAS - COPEL,65992502,Ativo,FOZ DO IGUAÇU-PR,-25.68330,-54.42890,180.10,00028 - COPEL - Copel Geração e Transmissão S.A,00028 - COPEL - Copel Geração e Transmissão S.A,Setor Elétrico,6,65,65100000
PCH PAINA II BARRAMENTO,81018900,Ativo,CASTRO-PR,-24.88860,-49.59190,657.00,00262 - SENGES - Senges Papel e Celulose Ltda.,00262 - SENGES - Senges Papel e Celulose Ltda.,Setor Elétrico,8,81,81105000
PCH PAINA II JUSANTE,81019000,Ativo,CASTRO-PR,-24.89390,-49.58580,630.00,00262 - SENGES - Senges Papel e Celulose Ltda.,00262 - SENGES - Senges Papel e Celulose Ltda.,Setor Elétrico,8,81,81105000
PONTE DO AÇUNGUI,81019350,Ativo,CAMPO LARGO-PR,-25.23440,-49.59640,580.00,00052 - IAT-PR - Instituto Água e Terra do Paraná,00001 - ANA - Agência Nacional de Águas ,RHN,8,81,81200000
PCH SANTA CRUZ BARRAMENTO,81028000,Ativo,RIO BRANCO DO SUL-PR,-25.15190,-49.41280,813.00,00255 - RIO BRANCO - Cimento Rio Branco S.A.,00255 - RIO BRANCO - Cimento Rio Branco S.A.,Setor Elétrico,8,81,81200800
PCH SANTA CRUZ JUSANTE,81030000,Ativo,RIO BRANCO DO SUL-PR,-25.15000,-49.42190,530.00,00255 - RIO BRANCO - Cimento Rio Branco S.A.,00255 - RIO BRANCO - Cimento Rio Branco S.A.,Setor Elétrico,8,81,81200800
FOZ DO SÃO SEBASTIÃO,81107000,Ativo,CERRO AZUL-PR,-24.90280,-49.44170,345.00,00052 - IAT-PR - Instituto Água e Terra do Paraná,00001 - ANA - Agência Nacional de Águas ,RHN,8,81,81001000
BALSA DO CERRO AZUL,81135000,Ativo,CERRO AZUL-PR,-24.79640,-49.27250,270.00,00052 - IAT-PR - Instituto Água e Terra do Paraná,00001 - ANA - Agência Nacional de Águas ,RHN,8,81,81001000
CERRO AZUL MONTANTE,81139500,Ativo,CERRO AZUL-PR,-24.84330,-49.27330,310.00,00052 - IAT-PR - Instituto Água e Terra do Paraná,00001 - ANA - Agência Nacional de Águas ,RHN,8,81,81206000
UHE GOV. PARIGOT DE SOUZA MONTANTE,81299001,Ativo,CAMPINA GRANDE DO SUL-PR,-25.21690,-48.94640,780.00,00028 - COPEL - Copel Geração e Transmissão S.A,00028 - COPEL - Copel Geração e Transmissão S.A,Setor Elétrico,8,81,81400100
UHE GOV. PARIGOT DE SOUZA BARRAMENTO,81301001,Ativo,CAMPINA GRANDE DO SUL-PR,-25.13830,-48.87440,845.00,00028 - COPEL - Copel Geração e Transmissão S.A,00028 - COPEL - Copel Geração e Transmissão S.A,Setor Elétrico,8,81,81400100
UHE GOV. PARIGOT DE SOUZA JUSANTE,81303001,Ativo,BOCAIÚVA DO SUL-PR,-25.08810,-48.82720,670.00,00028 - COPEL - Copel Geração e Transmissão S.A,00028 - COPEL - Copel Geração e Transmissão S.A,Setor Elétrico,8,81,81400100
PCH NOVO HORIZONTE MONTANTE,81312000,Ativo,CAMPINA GRANDE DO SUL-PR,-25.00440,-48.63810,499.00,00488 - CENH - Companhia Energética Novo Horizonte-CENH,00488 - CENH - Companhia Energética Novo Horizonte-CENH,Setor Elétrico,8,81,81400100
PCH NOVO HORIZONTE BARRAMENTO,81315000,Ativo,CAMPINA GRANDE DO SUL-PR,-25.00000,-48.62170,321.00,00488 - CENH - Companhia Energética Novo Horizonte-CENH,00488 - CENH - Companhia Energética Novo Horizonte-CENH,Setor Elétrico,8,81,81400100
COLÔNIA RIO VERDE,82002000,Ativo,GUARAQUEÇABA-PR,-25.16000,-48.24250,45.00,00052 - IAT-PR - Instituto Água e Terra do Paraná,00052 - IAT-PR - Instituto Água e Terra do Paraná,RHN,8,82,82120000
PINGUELA,82065000,Ativo,ANTONINA-PR,-25.24310,-48.74810,10.00,00052 - IAT-PR - Instituto Água e Terra do Paraná,00052 - IAT-PR - Instituto Água e Terra do Paraná,RHN,8,82,82307000
UHE GOVERNADOR PARIGOT DE SOUZA VILA NOVA,82121002,Ativo,ANTONINA-PR,-25.31940,-48.70810,780.00,00028 - COPEL - Copel Geração e Transmissão S.A,00028 - COPEL - Copel Geração e Transmissão S.A,Setor Elétrico,8,82,82307000
MORRETES NHUNDIAQUARA,82170000,Manutenção,MORRETES-PR,-25.47690,-48.83030,3.00,00052 - IAT-PR - Instituto Água e Terra do Paraná,00001 - ANA - Agência Nacional de Águas ,RHN,8,82,82400000
CGH MARUMBI BARRAMENTO,82188000,Ativo,MORRETES-PR,-25.42940,-48.94720,692.00,00028 - COPEL - Copel Geração e Transmissão S.A,00028 - COPEL - Copel Geração e Transmissão S.A,Setor Elétrico,8,82,82400400
UHE CHAMINÉ BARRAMENTO RES. VOSSOROCA,82230001,Ativo,TIJUCAS DO SUL-PR,-25.82030,-49.06500,817.00,00028 - COPEL - Copel Geração e Transmissão S.A,00028 - COPEL - Copel Geração e Transmissão S.A,Setor Elétrico,8,82,82500200
UHE CHAMINÉ BARRAMENTO RES. SALTO DO MEIO,82230015,Ativo,SÃO JOSÉ DOS PINHAIS-PR,-25.80810,-48.99440,726.00,00028 - COPEL - Copel Geração e Transmissão S.A,00028 - COPEL - Copel Geração e Transmissão S.A,Setor Elétrico,8,82,82500200
UHE GUARICANA BARRAMENTO,82230815,Ativo,MORRETES-PR,-25.71220,-48.97060,710.00,00028 - COPEL - Copel Geração e Transmissão S.A,00028 - COPEL - Copel Geração e Transmissão S.A,Setor Elétrico,8,82,82500100
UHE GUARICANA RIO CUBATÃO,82234000,Ativo,GUARATUBA-PR,-25.81810,-48.80720,9.69,00028 - COPEL - Copel Geração e Transmissão S.A,00028 - COPEL - Copel Geração e Transmissão S.A,Setor Elétrico,8,82,82500000
ESTACAO TESTE RESOLUCAO 99999999 ,99999999,Ativo,UNIÃO DA VITÓRIA-PR,-26.39360,-51.39360,670.00,05001 - EMP.TESTES - Empresa de Teste da Resolução 03/2010,05001 - EMP.TESTES - Empresa de Teste da Resolução 03/2010,Setor Elétrico,9,90,65100000